{
  "tree" : {"children" : []},
  "pictureData" : [
  ],
  "minResult" : 1.7976931348623157E308,
  "maxResult" : -1.7976931348623157E308
}